{"version":57,"hash":{"type":"Buffer","data":"zm9ulY4KixtXK5HVQzdFlaXb8mtJTS7tLqykoNRSiamDnfC15EAQprjpYe0XqqY1mGOgGM+w47nM1RPNa80KH+sCb4o5HORIiTVmtQZdLxjfy90HQfcgyNzsVcieBKO+9GxYZuiSV+HZ/5sYgs1hW09RVzCK8jqryMI9z/Y+wV4="},"indexValueMap":{"A5GFy1s40kuevwiRfQezz0iUQzcWmLtoiiTITuh+MBE=":{"valueMac":{"type":"Buffer","data":"w3Mv7ra9HbK7+r+RZPdmFznqH6j40hgizib9U2d8J7Y="}},"Btg7UTR1FH5pyDXAd92gAbGxKSXxAcNrqkHj0QOZYt4=":{"valueMac":{"type":"Buffer","data":"P5Yodxw6zs1U4fMbRAck2MyiTWChjE0NHC2fK/lE4oo="}},"DC19Tx7AugBJ6mMbL/7aDwzD1zglegCBHCWdmEYEfhk=":{"valueMac":{"type":"Buffer","data":"WioNYoFIDsXhoO4MGPl4W3W6Bhs6elA+HmMTzER51Ng="}},"ETGjPYpN4tDEIdcMQ3TvU7hB+woYbkuB3GUyzZq25Po=":{"valueMac":{"type":"Buffer","data":"oSjqeYMucUhc1v4hCQIG/K4lhkuWal5C9gC7fM3ZV6Q="}},"Fzf1b9LSzSvwUX6hX8jFd4zEQz7o7vwobBk076thOsA=":{"valueMac":{"type":"Buffer","data":"NSKgOdYx9zHpu11UlhrypHDYWRlI8nEcaDMYoioAfco="}},"HFzTJM4D3mC1+SJLYGS4gdC/tTBAxRsnxnV72ygfEr0=":{"valueMac":{"type":"Buffer","data":"DmRExIGByCpUUdZ488xtvhAZUSxue/g4Z/MLZ6/Z3co="}},"IWc/9smWBwaqLXDKBpwZpKdZfnp9hVDecGsCelUKkoU=":{"valueMac":{"type":"Buffer","data":"u3Nz+88JpGDUQn/hdV0VQ9sM4GxKl1hXuEj6ZfFWShs="}},"KCe6xlJbfO2oSQO8+VqIsq2RN0vqBxDq9QurKtTuiR8=":{"valueMac":{"type":"Buffer","data":"/5R/3PEfef6Ty4fefB9SEL1P7txVVKbz6pTrlSRP5Pw="}},"KFKiedYX6aEByGXYErXlHsdbziwEGfb6KbQchdfVehk=":{"valueMac":{"type":"Buffer","data":"uNYsp03ZuoGLotEJmvHYcDzfhJWS3bFbJR2/LLUMRgA="}},"KXlB/nfXRskxjhMwgWF6yMYtUO8Tp8siaTnpZR2qzLM=":{"valueMac":{"type":"Buffer","data":"6FdyM9YUxnglomsnYGLTNWehXFDOfrkBER0Dc0p+Hk0="}},"LI/4Yd7ZzaRNmoJ8GNDivz95dMWwzOshVX3nbPiFR4c=":{"valueMac":{"type":"Buffer","data":"Kz4KPWB69wdJCo3jzyPhIUTwDi2YJHwez4sBLIoSXwQ="}},"NBDwjGXTfHhL4xfyudbxeCtOdTDjiL/JYIxov4PGrIU=":{"valueMac":{"type":"Buffer","data":"FjHESzAWodypHgBblwq0eDC8qCMpxbLzP8Qn1ASCcJg="}},"OjnKSKEtKtTV2UHX6Jny8f329gM+NNMQnYzKA2yjZJQ=":{"valueMac":{"type":"Buffer","data":"6oxzvrQi8EaC++5ebKLAQwWDZyEXEd7IpONnho8Y5Ic="}},"OpBNvt27KGiC6YQd3gwiHb6Ue13+bjqynZLLFfXPJPw=":{"valueMac":{"type":"Buffer","data":"Pqhu0hT5sCD+XkoRyWlayjHpbm2Uea+03iRCHzCY63w="}},"PHnHFlRXOJnrjyGdvbwkFjwe9/kOUsXqf6vRJRJousk=":{"valueMac":{"type":"Buffer","data":"nJpr1pRK9bjb8ZuLp8NBp/9ElvwzCOegVtrBgVi+a8M="}},"Qtbs79XgZ/DSr3HvqQYuwvz+gRdue53VzoCcAQRjUQw=":{"valueMac":{"type":"Buffer","data":"BGuHbvObiSzWBdwznlRCbfgQ31NxO5fTKw2lxTTsYds="}},"UK5vVnnsRn8YwZtlTAhAwQVH7saLWFDehsN9nOGVmwE=":{"valueMac":{"type":"Buffer","data":"+UBMUE3tmONGQYOl6U9WGlYm0FqBe5xstgUjfTRj2xQ="}},"UikYA9Vi3G9yDp1jaxwhG6pCd3cyUXzX+k/+sQWBp2I=":{"valueMac":{"type":"Buffer","data":"aRqInVmCJdbIrO0YbqAHJhZ4WJrDBmNY4rPrIv5c4KM="}},"Uvr1xnLnqa8ai4q29uyChodQIQkCJF0UY37h2VYi5q4=":{"valueMac":{"type":"Buffer","data":"BsTwzgTbEJAVp8FVPhbXsemkuLkmEHZtJ18NySTRT/0="}},"VQ+bUOZdz17z1nc1mDvY442RphbNRtHWtJXaHyAUTNM=":{"valueMac":{"type":"Buffer","data":"wbPCyMQFDcpJ9dmqAS5/6xZP7gGnTsPBR+RdxFb5FeE="}},"XDbBP4jDW5nE5yH4Alxbr39QjKriGXxgv2zcvHkzUAE=":{"valueMac":{"type":"Buffer","data":"1z16vPIctEyjlQS1MM3iTK+XryI0v1KhOKEQ8zKNhLg="}},"Xgr5DdpLlb84Wnr7MiJehxV3xAMmYUzMQC4jnX5EPFM=":{"valueMac":{"type":"Buffer","data":"l076Mju9vpaopguFMu2K9PH3qWNrSpjblb9HQC3QC34="}},"YVzK78mgASMeEBW6JjndzmKTGlTi78sqWsDxmTNGkpA=":{"valueMac":{"type":"Buffer","data":"Su7McJNg/gz3VVhWetKVQHhz+JKMgGsFGMlt3qr3VUg="}},"ZdRm6QTHZpyfKfJsZ5B3LPRBlEYtec1yBjl5311pKZI=":{"valueMac":{"type":"Buffer","data":"Bvb48+kt2dsJP/vv274DJXmMCfxd4xivZkyrsyXckJ8="}},"bNlREqlaBwIYNvDl7WED9AhhBmhCXSYmmfDN12sqfr8=":{"valueMac":{"type":"Buffer","data":"I8bp+F0jxPJE1mAS9CP8N6Jpr2zXd0BXLjAL7lLIoYk="}},"bng8KOMhmuWPWLzTezgPGy8fH3DYBCcpWuQ7uqUHS/s=":{"valueMac":{"type":"Buffer","data":"eyVGnQfmdBaurrEFmUnrWSW/GNj2xEcWOidqHg3nGcw="}},"b+vTbiCvocX8dIRrTwtpcCu4GmFFvQ/RUNX82ztUVac=":{"valueMac":{"type":"Buffer","data":"iB1oysZBlRNm/MZnAWFT51e+qeOwOhI21j21tPgiBEM="}},"eHYCMEOhtZEBDbzHYp4XgQ+fzL3ql6OilznkS0D3tr8=":{"valueMac":{"type":"Buffer","data":"Kl/hIqU56mUg2mlQWKC8qkeLp0j7LszK3EZwXZmaG1E="}},"gcqsdtjleha/iLZpi82PlOd884XI11Ut5jAwR9N/1No=":{"valueMac":{"type":"Buffer","data":"L00ETKcgDDYh9dvdiZXKYakdkalyzYfzUuNrVYStXpQ="}},"jZl6e89Ce9xVjmyh8pW8+JvQVXIZVKbe66u0hj8d5CM=":{"valueMac":{"type":"Buffer","data":"B1JyQz/YBl2mAFimER4ZJC5jSAgC79Ucighf2KrYqU0="}},"ks/Lddvg/8otKS2d3EUpk8HYSvNcgoTNoQsuMZ7CjA8=":{"valueMac":{"type":"Buffer","data":"apFowM3DLL3BVmKD9ayM0cILQemCTR2eNIXTKWwCLvw="}},"ldZclj2tZ+4vYaUpYHqPt5Xa44/lIkgNviWIXjWcyao=":{"valueMac":{"type":"Buffer","data":"wCNZMBdqnz+j6R4D7zcPnODu5UZ2rkD4Bmf8N/PMzsw="}},"ldqgOtboSu73i1q5VmVExrzpwpUhCTAmdwd73nyh3Sw=":{"valueMac":{"type":"Buffer","data":"jERUWPIOfM5kMtdw3KcUhCHDoX4axGK2KpDiaGVmk+0="}},"mlN3j8hDgXieeGfJQotq+fFnHMXtF62xENoLDqZuzOs=":{"valueMac":{"type":"Buffer","data":"Os9pUDNpBtU0RA5dtcnfY1JiufdPbyv8vrxvxGFxcmo="}},"mzsK7htufnN8jBc9nb+wysNXl+R0CgN9ZjlLySh3Wfw=":{"valueMac":{"type":"Buffer","data":"PKgc7c9jWC/rn12lAA5ONtSEyZl+DK4S4LPinO21u0w="}},"okIrUiUHgVAWiM6h9dfK9cEUE59HGcKEyrvytRaCCxw=":{"valueMac":{"type":"Buffer","data":"aUQsIQKX6Ycl2AJHEVEFP3fYlRoWtiDNFan5BWy51wU="}},"qmehtTrSzNbyKrCsiAzMAUAqVuUDIGTYgsxo6kiUeGs=":{"valueMac":{"type":"Buffer","data":"5S4D9UZz38SeWTurC6G0NprlzNJ4vPuxx0eO6bF5c3E="}},"q/jQ0Xb0lEqUp82r+SJOnGIEMmGoVxfhPskH6I15SPE=":{"valueMac":{"type":"Buffer","data":"LlpKSuIxj0Vly6eI6Q77yQ6j2UbWn1dZKDmSWt/Eeeo="}},"rOGzQz4OvlRf7Y0IPJbO0V7KU3WOiNOydWOrlW8igLs=":{"valueMac":{"type":"Buffer","data":"ldF3+JDdVyo24YH4YEk/INMy9te6wfHeeDvHvS1zWRc="}},"rkzXI/t19D2rLOaEKBEqfCE/OCV3Zx1K3PN6ZSJjQBE=":{"valueMac":{"type":"Buffer","data":"IbiH/KFC1hq5ArXh6S73CPXbk5igsLK5y6YaKN5wrhE="}},"sK0edehlC/sqsI2+5+jknSrq7WLb15Zb6P7xCSXkAo8=":{"valueMac":{"type":"Buffer","data":"NPIRrPcHjwPIGmMEVFU8BaiqHad1hxGhBeS4AFrvntA="}},"sa6aCJCYdFWR35KAFlVyTC26AIE9vItiAc2tARaE1+M=":{"valueMac":{"type":"Buffer","data":"DPmGYcHea6QrAtvPXaVjSz+cPZxUfgmbIPkcsclVAJA="}},"tk2sxYzfQvwR0Xp1DLJGrDt1oJjZQt+VhqndGPqwhx4=":{"valueMac":{"type":"Buffer","data":"+5biqLE3PuqduhgbpCnedhI4ijDq7F7Udv70qScKvl4="}},"vZfcd5pTxcgO3DyIoGHGfr9y2y7tAlXfcOa/xdz6fbo=":{"valueMac":{"type":"Buffer","data":"ZggAooMms3CT8brXuqaFQFOzxcAGdGi1JS1etD69vS8="}},"wSM9vVlaey/rfgPOGzSmEyjjolF2cl8JTgLWTIRBDCE=":{"valueMac":{"type":"Buffer","data":"SB/4SoayElzikbquuWVKMezXUZaiLv9alCtJ1QoG2rA="}},"xC0yzOrEm621TK7w87nz+iqHpeSHN3RtI9QLRDqd1F8=":{"valueMac":{"type":"Buffer","data":"YzzDZ2ydkxCsRpiP9/rKdG4+9gRM9Ne5FMvEV7a6qBI="}},"yAMik/VWl3llKSTyctk+ecY+/NeE2M9jNN6NpoF0cpM=":{"valueMac":{"type":"Buffer","data":"c0PTS74tO0HujIdtATDy0l3PUnK1AG8o9stqyfXqtOY="}},"yz1KFNvo4gtMm6eIDv1PzqOAv20QzdWZGPDeTiCx0LA=":{"valueMac":{"type":"Buffer","data":"XVnwLtoWumv5GBZvcfQ+Rhqh8YiVZElYcc+ztfzIrUQ="}},"zW4CY4RyHZwj9XXkBOWE/4AkPpIOGjvVasLSSCighfs=":{"valueMac":{"type":"Buffer","data":"OXwMu1PcY4klriQCohpbw2E0T3P75RGWSdP8qVvzuE4="}},"1sC2dlImDLH2dk/e2jqWVCjd9uaspdfSPqyI8MWp5LE=":{"valueMac":{"type":"Buffer","data":"4zhJEJ02H8EdDC2QTufEZQ3xj80Bkp3Is8kaXdNJSrI="}},"1tjiy3HI471PLWbtHDNqvz6MKgoyZF2yLUz0HmQMRAM=":{"valueMac":{"type":"Buffer","data":"ivp/PuDMlI5lVs/gN7sHqWNEOm07HJ6hKhjyBF+EXvQ="}},"2NPrvCey7g8Qvfis+j7PVwBWZ9yX/O24nDvOKQ4v7SQ=":{"valueMac":{"type":"Buffer","data":"YaHBbUynGeP57BlxuP9DIYEaVYzkB4quZTV/A3gKq8s="}},"21Fy+I0jqlHxIkxS3iYda0DFty16QltEi+5i1DOlnLc=":{"valueMac":{"type":"Buffer","data":"gQSIHHpBHxnkroTNIozP8q/ve5VYEn+t8qbw0l1iZYY="}},"3XDQuIbluSxVvLrdoJqMcLCzJLONGaub1nSUbjuF9bA=":{"valueMac":{"type":"Buffer","data":"VF09sBfMRFmVoglAepH+aWrGUw18ojtjq5p1vIONmOY="}},"3af9rHmDfNqitM5QPtW/zs7o5L4snqtgBtPI4kAAJD4=":{"valueMac":{"type":"Buffer","data":"pvyLIQEJvgnPL8uVyuFCsptWmX5lhkBxueLbfEbwzIU="}},"3auFgQEHL9fE+/z/1kbmfj0P31KJJYwpVWUGyw00OxA=":{"valueMac":{"type":"Buffer","data":"IqQ2Gcw78kynkdtaaPVs8581D19XM/w9ErTtAaS/lWc="}},"4em6CzvF3Dxz7M1kbiHavadabjAvX53Dgt+3qEPB89U=":{"valueMac":{"type":"Buffer","data":"sAXOCkOcfL9hfvBT6BWzCS2nrkEB1Y0TY/YajvSOOgk="}},"5NtR+AdpEbtXSvgM8KbzP9vJPaxz/t9xFfzVg9xzAF0=":{"valueMac":{"type":"Buffer","data":"P+SpyYyh4yxiCGk1VlCFwVQIQWZNzvTBVvH2UUBOko4="}},"6HU9yEzYgsdrRv6NNOXkmfqh6ieXumQ43XvElZLq58I=":{"valueMac":{"type":"Buffer","data":"U5r5jqtwOkQPbxV4aeW+G/zZ9fePKSQa7rEn6CWSKnY="}},"7tKox43KoccV5OyMzJKnT+FOAMzBhQ+o6LkYSLXcSh0=":{"valueMac":{"type":"Buffer","data":"yBI7ZStvPVF7mhcb8Qm0tBz5ijFVokeFryU2Wbd7fTs="}},"8kc5/vyjmlmj9KxhsNeaFdOcFZLpUgiGI1rDp+6C/iI=":{"valueMac":{"type":"Buffer","data":"Zhk6hKWgXxxdV6ilc/FO0V4zj8YibaX9ZX4AucK0QBU="}},"8nikHGtVD9Gzh1ALLP6nCFMBsSuVF6LRjvAqCuTDGTA=":{"valueMac":{"type":"Buffer","data":"c8CC1Jd4G6rqNbB7gxTBwSynGCGv+Eb6WE5xm4nmUHc="}},"8pmiIIYvLE2wcJC2dLnVVgpONqbX83A70qPulUrIZts=":{"valueMac":{"type":"Buffer","data":"yDjZZgKm+rl5g2C1kCpthp8iyjXBabOQQz9FMj5OnAs="}},"9RH3aUTTtc+1mnLiSy30SHQv5nsm4E86ETohDOC06iQ=":{"valueMac":{"type":"Buffer","data":"dnWSxr8Th29ZTZs7/BBl9nJLl23ioGW7SM4dHza3UPE="}},"9kNsmzeLerleo81i/hza4CHN3Pd0G6MkNQCz2pchOUE=":{"valueMac":{"type":"Buffer","data":"xhGjDLgUTubIjF+YiCEeF3vtd5eHfJ+1MQIhzqfO7gc="}},"9sACxK16VrZC4s8byhigtcyY8abhWzvucRI7mXDepWo=":{"valueMac":{"type":"Buffer","data":"ATa1UkW/J/YhE3pSTuvbD09qNerHWo1emj3+nTQKGm8="}},"//85mDU/Z9CU/SEzsQWNYkZJ1B6za0xGxCeJ7iVxywY=":{"valueMac":{"type":"Buffer","data":"4NG/3ULqbHPfraKNZP2Z390rQEx1X9QLiOwq1ifsgB4="}},"Lxi6T9mDdhGU+Pat71ZBNrGvZ+668CryGGVbwteDdEk=":{"valueMac":{"type":"Buffer","data":"lhUze4z94efFginJW+VJoYF2HGimROk5FooPCSdtIvM="}},"B8kMEGssmNY1zpc5DP3sGOyILDrJ/RdF0tqXA3dyRdg=":{"valueMac":{"type":"Buffer","data":"9EREb7MUiIt5VLpBsx2wc1NWlkFhL7OcL1KSnPh10n8="}},"Kp0io4WUVbLbiWZZFMkEQm1bGe0IGP+dGoJKhnBKSCU=":{"valueMac":{"type":"Buffer","data":"Cb7F5Oc/O7NFlp/uFj1QF1CfvVtDscGhYppbRaDcYFU="}},"023yVMajoQwND1YS6Wtk18+H0GMdmDIgZvymtmVJ4VU=":{"valueMac":{"type":"Buffer","data":"YTgA7cnqxmXWx5lRNGo4oRgj6b95Axeo4ymERZHNABE="}},"dmHN1HK5Ky31vT6IcnEykam0tQqVEXmIrmQDtatT2b0=":{"valueMac":{"type":"Buffer","data":"a7Q/7xflGiTY2pubq/3I8Ky1I77OVIhvNROuty/t07c="}},"h0lkiCDuyxgORg0NlqBiiTaBAg1ljcX8NYEahWcH8T0=":{"valueMac":{"type":"Buffer","data":"MZtqWi5/FqmcS9IERU3PULJlBd68DbMd6g56lQJYaiU="}},"rjNGM4hqlAR/7LyqPl2koLfs0qxNTyY74Ebzaod3OE0=":{"valueMac":{"type":"Buffer","data":"uOcS6TOdpO/xu7t5+t1hDjvveTuzppayf+SFl0xfCQI="}},"6XX+y3pdBM3/KkaXAkmQWrSvjQfVt+cY1wGJMMVTsKE=":{"valueMac":{"type":"Buffer","data":"F591ozl2V9Q7hDPvqei0T+YGHJZPrVmRX7+cik6D47g="}}}}