{"version":14,"hash":{"type":"Buffer","data":"cl+QGq6oDTbEPHDqVl1LoTgiRb6lzCoS3wjq1JHCAaBM1nDwikOHaeVW6tZwpe4eYa9JQ3S6TBfFGO/EK7DJMdLOwFxvmdQxBK8N5vLk79f9XO/jUi8JGG0+xVXrhDn9HcGeDdsTaYlCSpL0OIy7NonF+g9j3WfmGZv2ObkBbKA="},"indexValueMap":{"HOxk6bHQ+3b5kZnIdTiQhIOQ7Qf0oQlXheIGciE9zWE=":{"valueMac":{"type":"Buffer","data":"BcZuJ2FFZfFD1ZqrtWLEuPTDBrmMwWYbTXo2xhHqVgA="}},"JUmS/CNLGV8nzFyNPQGzUuQ0TzrNkDWGmjMsXbFGH/I=":{"valueMac":{"type":"Buffer","data":"E7fHWfW8od9gbNMwkh1pZVOexidgTAvXGVQ0aElR+2k="}},"MeunHJtHzVwCQ0JxgBRKg9dt3Eb9T6f2N3XY0qcphWY=":{"valueMac":{"type":"Buffer","data":"hewMBNPrB+52mppxtuuA/gsyo83jDbYhkCdigugjDBI="}},"ug4YuTgQMxPvdx5ZMcsT/UWb8I3jImlyJbxretxAXn4=":{"valueMac":{"type":"Buffer","data":"2xCyA6gVORXEOZ6mM+KzY+JBp0a5tdhhytMXKpUfPBQ="}},"+DyZnlvIjbZK3lztdty6MvtX34IdsFeRJMwRB4Dx6fU=":{"valueMac":{"type":"Buffer","data":"P88UfqsQwhoaWCXwkmYEY4DI7dTMEF4EpGlUDHoTYl0="}}}}