{"version":12,"hash":{"type":"Buffer","data":"2ipWIfoPwBhjEWpAaagXQCRmGjZ2cZkauBd0q6/PGCe8HK4thBsMQhXEc7M1HLaE/ScwKiF2NbX3oNJcrYKWjXu5ASC3EIYVW+EgR25RP6/8+gh51LGM/zs0XBdxXQLmDhgIXkhLj8pNOcddDPeUVJSEkrH4jMQbKP1r6O+63z0="},"indexValueMap":{"X3v7VNoReAfrJJaLfblsFNDdHDah2kUydm2bhaPBv8Y=":{"valueMac":{"type":"Buffer","data":"aHRqIKhPspwG9lzOw0S9ffFGk8TXNHpxJPwU7hAXvDo="}},"cLn63F7nGubQGMTFQeh8EfWm+MntKyrgaAp4mUAXhgI=":{"valueMac":{"type":"Buffer","data":"6FKFcGayJfZTRNLu8qzUQZIqpV5V8Gg7n8uBJc4bpbk="}}}}