{"version":17,"hash":{"type":"Buffer","data":"Ie+0oOPaRH+OROnM9x2zxEAR3+c5HkYjM1RwFGcFsdWAkKylZXggR+tdVYKWXMzUko1FsQRwmFD/+TaHQafrANNPc1eK5K8BWIZwdLwZgwoynWRzpo+Oe0VXJ/DL3nc1KwnyAlri3OWD9qnVTFlMH4H+R6wyIAdkOCCqyARfPa4="},"indexValueMap":{"Ada9i/1oxQmkTnoUkjdMpX9vaPbzkNfKbB8iU9X4VQY=":{"valueMac":{"type":"Buffer","data":"6IR5loluENomDEh1BK75BCHJfsCNbzMQo6VKDpmj4hQ="}},"J8OakVS5UUp2BOKuZmlm2SWVNB0DulRL7R9hvjOaMUE=":{"valueMac":{"type":"Buffer","data":"nMBarg0N861LAU8FaBk/HeN5rJhKnxaWZTbqzckxvU8="}},"NtakSy9vBP07w9p9C1NFoKkNqN1S5rXRjBEyeZ1K5lA=":{"valueMac":{"type":"Buffer","data":"FPqK3Gg+Weoje2yrqBIxiVQo8UOM1ijBDODbU9NfwBc="}},"X2m/wFvruf3yKMYFaFkNFlh2dDWLIjqTkVAl5WPvqDo=":{"valueMac":{"type":"Buffer","data":"YZN6/n/TH0eZvR8aImdvescF9iTZU1MyhWFKFD8x+/Q="}},"X/N2sORu3lcGnpnrqsW4qISJI9Po74sCrpQCjxtLqww=":{"valueMac":{"type":"Buffer","data":"UhK7EMBXtKH2Dvw2DUjAIK7tFWVl/OT5b3FV47LDxps="}},"nJMStd7zgnW9TinqTPiR1cttsPzcF4ORbQR09+mXkpM=":{"valueMac":{"type":"Buffer","data":"uyCxmwQ4htpxLRVRQf1ivu2ZkJxOmoIiD+l0vhc0UKg="}},"5kDWOawWtGPITgPPXbNII5yEOXapDs+M4x7bBkKa5No=":{"valueMac":{"type":"Buffer","data":"x/gvChEWJN3ZTqjmYSyW+wX7A9b8489bxECqrvQy390="}},"+DAvbkdRqGIAuqXtss2t8cqyFhGeryzCISBHexH0AWs=":{"valueMac":{"type":"Buffer","data":"qPI13Wr1WvPWKrCXVmQwhZcDW/AzokLEXX4ycxSxxgg="}}}}