{"noiseKey":{"private":{"type":"Buffer","data":"iMTFUfMy9UFexWZyGiIz6fRoH7UrD0uIrQfJfZ3VAkc="},"public":{"type":"Buffer","data":"UUYbEFydCgxklHIJwtbsVMAhsOxnYhWryDKBPksqPHg="}},"pairingEphemeralKeyPair":{"private":{"type":"Buffer","data":"8CWLspi84VkzdqJkSDnShSZpIiT9CxGSObvOvE7lgmw="},"public":{"type":"Buffer","data":"9SV9RAElbjdh299GvFrG6OOoagjx1cuH5dA/m528PkU="}},"signedIdentityKey":{"private":{"type":"Buffer","data":"UMw73rzBZfje4WhCpmM1l7fk8S6c0w/g7qVdfX/FIVs="},"public":{"type":"Buffer","data":"QUvsLraByqLELJEEDdt7QEJrfj/o9nqL3M4cmtje4hs="}},"signedPreKey":{"keyPair":{"private":{"type":"Buffer","data":"wB5PLOGg5c7DXjEkbVUpe7JMYQ5h/IRTnWj+NT3eZnc="},"public":{"type":"Buffer","data":"anxrPamhe3TOmn8cX8nPQGMrggwdSFREgkK/9zCTRyo="}},"signature":{"type":"Buffer","data":"yfx0ankuMsJH+3Icp4xDj3Pr/pjtgAfNVSeRm24KSa5uHH8vu8KocBkEi3jRKDnTb0LGxCsRqNln8NMtfrYoDA=="},"keyId":1},"registrationId":57,"advSecretKey":"QvzXc/qyEdZqU06h58TzZnqbMueB0Zci70ey3IDta/U=","processedHistoryMessages":[{"key":{"remoteJid":"6288973686537@s.whatsapp.net","fromMe":true,"id":"D106E718D369F49F5C1FF0CD13A8B5A6"},"messageTimestamp":1717454067},{"key":{"remoteJid":"6288973686537@s.whatsapp.net","fromMe":true,"id":"509723124ED05AC67B9CD7A5D17EBB68"},"messageTimestamp":1717454067},{"key":{"remoteJid":"6288973686537@s.whatsapp.net","fromMe":true,"id":"EE55FAFBFF2D837CE896271489132AAF"},"messageTimestamp":1717454084},{"key":{"remoteJid":"6288973686537@s.whatsapp.net","fromMe":true,"id":"084808156211C6D6D0EF9545E11391DC"},"messageTimestamp":1717454091}],"nextPreKeyId":31,"firstUnuploadedPreKeyId":31,"accountSyncCounter":1,"accountSettings":{"unarchiveChats":false},"deviceId":"L4alKRfSTuKlF1CXNo7Bgg","phoneId":"edf59b6f-94c6-419d-bd7c-6ee35bd3d7af","identityId":{"type":"Buffer","data":"qaoZ3eZYxt6vqKUhEQ5MfI9X2Do="},"registered":true,"backupToken":{"type":"Buffer","data":"Yo32hs4uwxGV5Zsm1AzORuYvoUs="},"registration":{},"pairingCode":"W32ET5R2","me":{"id":"6288973686537:13@s.whatsapp.net","lid":"232414085406770:13@lid","name":"aiden"},"account":{"details":"CNrOqtwGEO2J+bIGGAYgACgA","accountSignatureKey":"lvTH3CRmON/m+WuUZxKQ+Y6FEN49GEklHg9wviW88kg=","accountSignature":"cKquPlKEQPnSSOrwke+pb5xj+sp41QiyD9lR6FhcFs42xUw4pdIrxYVR1UpI60TeWZs0u7HHZmBcLejrbcN5Ag==","deviceSignature":"07DToqiQZnYWAI+S6Gb2KpesH+/9W5binTIOolgUD9xb5IokreqgWodb0EEVtvFbbchTCb9x0Qg+ajJdjJcIDw=="},"signalIdentities":[{"identifier":{"name":"6288973686537:13@s.whatsapp.net","deviceId":0},"identifierKey":{"type":"Buffer","data":"BZb0x9wkZjjf5vlrlGcSkPmOhRDePRhJJR4PcL4lvPJI"}}],"platform":"android","lastAccountSyncTimestamp":1717466787,"myAppStateKeyId":"AAAAAMlZ"}