[{"senderKeyId":40083122,"senderChainKey":{"iteration":25,"seed":"GHTVVOAdLOq6tSJKCQgrzMAN3tyE+4+odY0XYHoLj78="},"senderSigningKey":{"public":"BSJguP21lptRN86jswdV7H9/Bk9jSm6PVifIMcY0qF0B","private":"oOakozCTBxcV8lMgnhd0pFjwD6IleMQb0qfY9wlG9nQ="},"senderMessageKeys":[{"iteration":1,"seed":"qRgTJDCBDFRYn36r3sxaHodN7KxtFNcCXtPmi2+EeMk="},{"iteration":3,"seed":"DeuSyjo2mI5kkc5wiHUa2747zojbi20/inokxjQ6NGI="},{"iteration":5,"seed":"Rd+Qz+8E8aKV3sAx+ImEX4TI8feizGCjNGWJ7Y1uNeg="},{"iteration":7,"seed":"EyTg5AsieBSTbsLGtR+JY7gyMx1+uGC0u0D5MaP5yK8="},{"iteration":9,"seed":"64TdC0hnQAVJfuyG3ou4A9RaUplfFE3PGRzJOKgAxFk="},{"iteration":11,"seed":"4lnZFubvlPNpUYVMxj2ExCVG2HiqDMUXboc37KoZl0s="},{"iteration":13,"seed":"a+jks78Fl5WxFacXtMEn5g7QCmIVbqx5abpLAqMYBLc="},{"iteration":15,"seed":"hnTcnpYmO4ok9GbuGo3ApTd2DDyDtNUa4eba86YN6x0="},{"iteration":17,"seed":"0c1dTb3DRufDyXElTScF3PF/DLNxsCgH1i/1sNaU5Mc="},{"iteration":19,"seed":"i2ziYJb8dTqHg7fRG7q+gjW0Vtaa7E2/YFAla2tTm3A="},{"iteration":21,"seed":"axCz8UJDUyDM+ZuFv86x391yJB8FYVVmlHMzJtpzKF8="},{"iteration":23,"seed":"+kMyHSxWlzLV/C2T2YSY45HJPiDrKKpJdHlNp9h1EkM="}]}]