{"_sessions":{"BTu+JnGhnPwnMhmuRRWkj86LQF4aQN0bBwyOnMcMF7oG":{"registrationId":398266314,"currentRatchet":{"ephemeralKeyPair":{"pubKey":"BTC/ImCu35DOkZeXRCSijW0dXiRaK0WWVkTGm3crECUP","privKey":"MA3fhB8U0+B+E3d+cqDBoQOFOi1criz3KyRbn4+2mm0="},"lastRemoteEphemeralKey":"BaBh9jGdXGHIvvB8TNeo6pZwz1UMEJwEgj9y4N1xrigE","previousCounter":0,"rootKey":"Z6I9BKle9OKu85tHbRX0fnaUFfBW7JYMl9dXBfLn/cw="},"indexInfo":{"baseKey":"BTu+JnGhnPwnMhmuRRWkj86LQF4aQN0bBwyOnMcMF7oG","baseKeyType":1,"closed":-1,"used":1717475202219,"created":1717459781044,"remoteIdentityKey":"BRm/co1ABomCGBnEX1Xo78kAUfiGq8Y8VlKgOZEamDgu"},"_chains":{"BaBh9jGdXGHIvvB8TNeo6pZwz1UMEJwEgj9y4N1xrigE":{"chainKey":{"counter":0,"key":"aqwTgXU9Tv7/Ojv66yar6hZNI6XRSmkFMNQwU8mCeR8="},"chainType":2,"messageKeys":{}},"BTC/ImCu35DOkZeXRCSijW0dXiRaK0WWVkTGm3crECUP":{"chainKey":{"counter":-1,"key":"kaJxnn++MRGvdbTmPriTT3kmNvEToasdmxJC+nUK22M="},"chainType":1,"messageKeys":{}}}}},"version":"v1"}