{"_sessions":{"BZ9aUKcEmGl2gCE9k031fSxV9lF3f8hZzcIKE7bTMEUm":{"registrationId":236,"currentRatchet":{"ephemeralKeyPair":{"pubKey":"BQ4GPaEeiXn172n/7d1ACcLWOUZlMKNkFqK5shdwJ55x","privKey":"YDG5zK2CQc1bMVSuRr7qBFh7cXrHICp3KROh8vI2jnM="},"lastRemoteEphemeralKey":"BSwUPlZfRnu4dw6NdNmlmr/2808SXQLtKH2TRui/KhFb","previousCounter":0,"rootKey":"DFN1yiKYCsAnrYnCPyQqkIttEfUqloMatIO2v4ZecwE="},"indexInfo":{"baseKey":"BZ9aUKcEmGl2gCE9k031fSxV9lF3f8hZzcIKE7bTMEUm","baseKeyType":1,"closed":-1,"used":1717454066217,"created":1717454066217,"remoteIdentityKey":"Ba1hS1tb6g+YvsGO0jrBqxbcs2ngz29kxxkqkXc34Jk6"},"_chains":{"BQ4GPaEeiXn172n/7d1ACcLWOUZlMKNkFqK5shdwJ55x":{"chainKey":{"counter":140,"key":"Il4RkDfLKWQBkc3nbY1hjbH8CQNygo8H3hYd4BeHJzU="},"chainType":1,"messageKeys":{}}},"pendingPreKey":{"signedKeyId":1,"baseKey":"BZ9aUKcEmGl2gCE9k031fSxV9lF3f8hZzcIKE7bTMEUm","preKeyId":24}}},"version":"v1"}