{"_sessions":{"BSJvx3xNHlc3881C9XhJ7TANtr1nyia3NAH2Sd8llvts":{"registrationId":1261299919,"currentRatchet":{"ephemeralKeyPair":{"pubKey":"BW3LwaNO8CfI4T2Lv4KTqlfXeYk1m3tCKOUo7rozqTl5","privKey":"uDiZ3ufJmCWBaNcFUqaBMJq4pwra4zexZ00spIqo+G8="},"lastRemoteEphemeralKey":"Bd9NsxF75owMhDsT34VCReoQaSFmh1Baso9JESUYFy9H","previousCounter":0,"rootKey":"SVZmbqTIj/GfMMs/R4Ru3HC1ZnY1fIWQRVIAtJEsNRQ="},"indexInfo":{"baseKey":"BSJvx3xNHlc3881C9XhJ7TANtr1nyia3NAH2Sd8llvts","baseKeyType":2,"closed":-1,"used":1717550956205,"created":1717550956205,"remoteIdentityKey":"BZo94S7ueek0+ASoaAvMHS0H4m3k4ayrWgiSp9Ung8A7"},"_chains":{"Bd9NsxF75owMhDsT34VCReoQaSFmh1Baso9JESUYFy9H":{"chainKey":{"counter":3,"key":"P0UgAHq/dJx6ft6LmG5F2E0JjHIdWy5jMbIU0e2+Ovg="},"chainType":2,"messageKeys":{}},"BW3LwaNO8CfI4T2Lv4KTqlfXeYk1m3tCKOUo7rozqTl5":{"chainKey":{"counter":1,"key":"Uck5/7+GNEvRN5nG6dkbUV7gS/4Nha/LAKDNNnSUwFA="},"chainType":1,"messageKeys":{}}}}},"version":"v1"}