{"_sessions":{"BWAqZXiXWdQRz4zU3s608SCSkoHT0czh+lGhUM/Cr6Ul":{"registrationId":1494027069,"currentRatchet":{"ephemeralKeyPair":{"pubKey":"Baq5JJ0idmZvA5vr9t2hocwK/xrFgK7BCKvbx+hp7Got","privKey":"QK8rWAaGvLon5Kgw+CdLm/h3gD1gAs7eNyX5gvPb7Gg="},"lastRemoteEphemeralKey":"BXVcVhBJOwUBdwsrdbErJPLTrAMGhWMAFh/UUNhzndVw","previousCounter":0,"rootKey":"z4E1xuXBETtSjZ35qo1d3dhrE61snK17iBrseIXfH/Y="},"indexInfo":{"baseKey":"BWAqZXiXWdQRz4zU3s608SCSkoHT0czh+lGhUM/Cr6Ul","baseKeyType":2,"closed":1717454066259,"used":1717454065897,"created":1717454065897,"remoteIdentityKey":"BZb0x9wkZjjf5vlrlGcSkPmOhRDePRhJJR4PcL4lvPJI"},"_chains":{"BXVcVhBJOwUBdwsrdbErJPLTrAMGhWMAFh/UUNhzndVw":{"chainKey":{"counter":1,"key":"aDia8ZkwrVMnRcDE4C16108E9YQ9cuNEmdx9f/WX0CA="},"chainType":2,"messageKeys":{}},"Baq5JJ0idmZvA5vr9t2hocwK/xrFgK7BCKvbx+hp7Got":{"chainKey":{"counter":-1,"key":"VJFGnK/X99JQXtlo6ZqURFQkgfoyNi+Ri3CH6sseC+0="},"chainType":1,"messageKeys":{}}}},"BYPUPRjC5cg/lwEKX759kVyoz9cbCI7OtuYYUQO/IMwB":{"registrationId":1494027069,"currentRatchet":{"ephemeralKeyPair":{"pubKey":"BVpH2LFL2seQZG+tia2Yo8o1y7QJQzIM3fkDtL0F7L9x","privKey":"yJNrM74YVQnZfEhdP2/2TMttbp7AJhPZMPIbhOiMLHk="},"lastRemoteEphemeralKey":"BWyhMHmxLPUr3MvGB2xGMABwNzok4LAVJzIktSa29EUC","previousCounter":1,"rootKey":"UAwy/tR3urMzqrpXbPAUhNtw1l8IxkvpPFWMzYYMkQg="},"indexInfo":{"baseKey":"BYPUPRjC5cg/lwEKX759kVyoz9cbCI7OtuYYUQO/IMwB","baseKeyType":1,"closed":-1,"used":1717570682479,"created":1717454066254,"remoteIdentityKey":"BZb0x9wkZjjf5vlrlGcSkPmOhRDePRhJJR4PcL4lvPJI"},"_chains":{"Bapdwt9yNH3Ky9GDgq9A7q4iE7D7mnEMRhScB2JXcqZQ":{"chainKey":{"counter":5},"chainType":2,"messageKeys":{}},"BX0TkY9ubAnYe9S9PMLUzZm9GMCx09iYVSsyHA6pBR4b":{"chainKey":{"counter":0},"chainType":2,"messageKeys":{}},"BeR2RqXVM6UOiFVje/jeBNmIzbysYp4kR0TGQ5Huc2QC":{"chainKey":{"counter":0},"chainType":2,"messageKeys":{}},"BZEKcKzqLwUz6M6o1hedI2xNhSVJHuXsEhyRxgeDLCE7":{"chainKey":{"counter":0},"chainType":2,"messageKeys":{}},"BWyhMHmxLPUr3MvGB2xGMABwNzok4LAVJzIktSa29EUC":{"chainKey":{"counter":0,"key":"jYYETRPCvg8EcYwveoTpPUGJkYV9s+ZQAEM6juhAUKw="},"chainType":2,"messageKeys":{}},"BVpH2LFL2seQZG+tia2Yo8o1y7QJQzIM3fkDtL0F7L9x":{"chainKey":{"counter":2,"key":"TX7QCHBI8Tsfk/MAiPzghK0x7oWl11ADMLYPUJJMod4="},"chainType":1,"messageKeys":{}}}}},"version":"v1"}