{"_sessions":{"BZr76zqDNcuh2s7RYdgLL38RuGuuZDZ8Z+W9I2ZOwrpy":{"registrationId":95389608,"currentRatchet":{"ephemeralKeyPair":{"pubKey":"BRr5j0qJPnOeOGOYnc/4qLCZIloy7pNgPIGzxzKQrPoo","privKey":"gLVGXcYB7f09/zZ3bZ+WMHaOf3//aTzW18+ONODkxlE="},"lastRemoteEphemeralKey":"Bfq+Q0yt6FM7I+ijlyd4lfx1etyex0pb/KXy802S/y8r","previousCounter":0,"rootKey":"rcKqzc+gIWslfzQWYkFgA8h8w1mBeZwWvrzwZC8jtw0="},"indexInfo":{"baseKey":"BZr76zqDNcuh2s7RYdgLL38RuGuuZDZ8Z+W9I2ZOwrpy","baseKeyType":2,"closed":-1,"used":1717455122019,"created":1717455122019,"remoteIdentityKey":"BXbWfII+wBDg9FTftR0Oezkbi0N7wOHXMOr2LxMtIeRn"},"_chains":{"Bfq+Q0yt6FM7I+ijlyd4lfx1etyex0pb/KXy802S/y8r":{"chainKey":{"counter":6,"key":"Om8+Olyoy7LD6OYSQ2ALps4slJ7mb/lBBWz4b6ki/C0="},"chainType":2,"messageKeys":{}},"BRr5j0qJPnOeOGOYnc/4qLCZIloy7pNgPIGzxzKQrPoo":{"chainKey":{"counter":0,"key":"7eFg20Zgd9onmoNo9TRMWbiPbsJQ9uoczsEKCA8bhHc="},"chainType":1,"messageKeys":{}}}}},"version":"v1"}