{"_sessions":{"Befb7KDSpBoxThUFrp46eYM6FO8WeA5oP7kwXyyYv5sG":{"registrationId":1143034129,"currentRatchet":{"ephemeralKeyPair":{"pubKey":"BbrJ67tHFluhv8bZmSaUUZrx9xipfoheFFr6vBF8T1xk","privKey":"OOJ3BSamJ1uvJ4cNp/8SPZAG3HyZt6qNayhCsW0kBmg="},"lastRemoteEphemeralKey":"BfBBmlRMGHCUMTJEgtVa+JiBeo94NoDgIX8QNVjtH3g8","previousCounter":0,"rootKey":"ZhdytmjnbdXOFnQjXUA0PV63VjA7DSmtLLaMQcLc3Ro="},"indexInfo":{"baseKey":"Befb7KDSpBoxThUFrp46eYM6FO8WeA5oP7kwXyyYv5sG","baseKeyType":1,"closed":-1,"used":1717570362273,"created":1717454066250,"remoteIdentityKey":"Baa3Bq6ceZrg/WtaAv1fbDmYtABB4oJwRg8DDk23/M0D"},"_chains":{"BfB1iBrDGDAasW387+NshtVc7vzLmzMKD074ilz/PVsA":{"chainKey":{"counter":0},"chainType":2,"messageKeys":{}},"BeGtLKqzJZ+uWZYMEmeI/KkgqdNKXccnjOc1RsudBOEs":{"chainKey":{"counter":0},"chainType":2,"messageKeys":{}},"BSEAvYdaEcBXGX8GU0/zpzvACbT9DGw2/82d5vWNYF5k":{"chainKey":{"counter":0},"chainType":2,"messageKeys":{}},"Bc0VLhxNX4LwEew+S2SCVHnP8NaKqwxbDX8CzqKpCz4b":{"chainKey":{"counter":0},"chainType":2,"messageKeys":{}},"BWseFowo9fL0Ed4YFdo9WSvohw/l6Zk5mrFi7MTJUcw/":{"chainKey":{"counter":0},"chainType":2,"messageKeys":{}},"Ba0Zgu37FtAL6gUTnaDpUfLqZt0bJCiN8SmZzpTSLrhp":{"chainKey":{"counter":0},"chainType":2,"messageKeys":{}},"BRjccUIjJmtcLoqyWSr8CmnyuQQJkGT4sosJxj0NwOAf":{"chainKey":{"counter":0},"chainType":2,"messageKeys":{}},"BXsKzNJx6IO1Wjfi7x1m8oWr0+DOZdSSFppkyYa/gi94":{"chainKey":{"counter":0},"chainType":2,"messageKeys":{}},"Bb5NrGYEzHvS46rEn6P0ypm/I4wUz3UBmywi/Yz6RP88":{"chainKey":{"counter":0},"chainType":2,"messageKeys":{}},"BX6+jgt7oM+dPfkc3YfjanBa8yi8TDfwEnfE/oaqqL9I":{"chainKey":{"counter":0},"chainType":2,"messageKeys":{}},"BTZmHME6VHYfHREaCXWzUd/Li5jekQMj0pjD/qsH0goU":{"chainKey":{"counter":0},"chainType":2,"messageKeys":{}},"BXjzeEiX37xnHYXciVZXGxLRfx+mxgXtfxkswMkRaa9+":{"chainKey":{"counter":1},"chainType":2,"messageKeys":{}},"BZnPIN8mpm8ML6L3Fn4YRdjsshJMzQXJ5keoisH9yFc2":{"chainKey":{"counter":0},"chainType":2,"messageKeys":{}},"BfndKvEEDat3D9xZj0IPVWWJVOT48wzy/2pJlTi18MRA":{"chainKey":{"counter":0},"chainType":2,"messageKeys":{}},"BR8BThHqTwNST5Cv8GpOLkTC8Bnwv/BhYzl1RvFEH4Ii":{"chainKey":{"counter":0},"chainType":2,"messageKeys":{}},"BSJSGru6s6T6FxR9T1mCJaXYQj9Q5t1XOs/6BIHKWPYz":{"chainKey":{"counter":0},"chainType":2,"messageKeys":{}},"BVMFQqJJnozJV6reU9reKKwUC2k2pJsDBDwvrZtOyrh1":{"chainKey":{"counter":0},"chainType":2,"messageKeys":{}},"BZZ0B8mdkVHabNDrX1qJXEfydIYandUA3044mYpTux9k":{"chainKey":{"counter":0},"chainType":2,"messageKeys":{}},"BVdob/O7aT4lIBvUBp243G+RDUUUTaBDTxRKQivUFjc7":{"chainKey":{"counter":1},"chainType":2,"messageKeys":{}},"BU1roHMCv5xGYiDN+Ks+MZc/bJ6PdxZRmUU1Ps48ClVd":{"chainKey":{"counter":1},"chainType":2,"messageKeys":{}},"Bb6yTaQq7TYckaZ3bk15+hMDezkpl5nMsKv7q3+KPtww":{"chainKey":{"counter":0},"chainType":2,"messageKeys":{}},"BUnJzS1z1lB9aX0DrV+zT8JrwYvkN59yaMHzXBhB88Uc":{"chainKey":{"counter":1},"chainType":2,"messageKeys":{"0":"sFuaTN517ttYqFJDz1kGjKIwtDK04xu3ycW1xgiDVLs="}},"BWfYx/KkUfDt1U2Nuyb75kiZAGI99671gRfTcTIp9bIH":{"chainKey":{"counter":1},"chainType":2,"messageKeys":{}},"BeP2CtcK7vcEwsPU+7xmAQUWcaZJEdbd6tzKQ2tD4Yx2":{"chainKey":{"counter":0},"chainType":2,"messageKeys":{}},"BU/MYzlIdpSe/c1y6z/5dh7Tn6G6DpM6Duqy90iEE9wz":{"chainKey":{"counter":0},"chainType":2,"messageKeys":{}},"BZDDFx3OA7dlVf0ZdKhpeTee9shTNWHj8sFwFbSZ/5wI":{"chainKey":{"counter":0},"chainType":2,"messageKeys":{}},"BXdu+0NnLg04zEwadOU7iyqg5Ole/JgrAmdasmAyKsxB":{"chainKey":{"counter":0},"chainType":2,"messageKeys":{}},"Bc1AS309aFuJOBi1gSKFBW8UoOy9Cp5iqScY2736ovcB":{"chainKey":{"counter":0},"chainType":2,"messageKeys":{}},"BVkkorGivhWeyaAsNhyhwlLUARId46DjuH/IHEqbXytm":{"chainKey":{"counter":0},"chainType":2,"messageKeys":{}},"BUHDqSWZql2nPlsis/vBe+cM/NRiDCOlMJFKU6Nnj60j":{"chainKey":{"counter":0},"chainType":2,"messageKeys":{}},"BRP4k0a8fNlL8r6br/0Ngp4vtfpId52l+jGkt7KhhHwL":{"chainKey":{"counter":0},"chainType":2,"messageKeys":{}},"BQvC+MolOzrOsKIA6evyJBkRiQL2fzhh+ho92Abpz/ZH":{"chainKey":{"counter":0},"chainType":2,"messageKeys":{}},"Bdz4b+PAAbi6m7huE+d1TPuVqPJcsJaWli/pGCvBWyE2":{"chainKey":{"counter":0},"chainType":2,"messageKeys":{}},"BXuGu5c8L0yvodCCIrsKuhqhpNCfCey/qH0YFnwNXVk9":{"chainKey":{"counter":0},"chainType":2,"messageKeys":{}},"BdYbafYU1Wp0Lz4ga3RoJTG0DJpy2M9GkntTipYBYlw3":{"chainKey":{"counter":0},"chainType":2,"messageKeys":{}},"BfGTLyNW0Y76xXFD/Sdj8Hqv2JrRfiDT+F7gXmQWEEsw":{"chainKey":{"counter":0},"chainType":2,"messageKeys":{}},"BQg3WtxJSdw0G4O2llrEwjSGPndSNNtJj3oysS3xE7wC":{"chainKey":{"counter":1},"chainType":2,"messageKeys":{}},"BbJ6tlhLLtzbrJqTADSWRIO53On5F9aq8ClsmXjvvmgv":{"chainKey":{"counter":0},"chainType":2,"messageKeys":{}},"BU/y5ux5Ej9nLCAetJ+3uXh4t5lPAArrdE/VLSj53QZM":{"chainKey":{"counter":0},"chainType":2,"messageKeys":{}},"BU2lsZAJhapO2BZTe0SsPJERolvtr4s+2W5RNW4idkRY":{"chainKey":{"counter":0},"chainType":2,"messageKeys":{}},"BV38stdqq4Qo/mQch9Ut4nML4ACp/0LrXs54qzEhi5pK":{"chainKey":{"counter":0},"chainType":2,"messageKeys":{}},"BaODbqBIDT8wUaxuepuz6YMu49Bn5ymGD8oIrziZ9f0j":{"chainKey":{"counter":0},"chainType":2,"messageKeys":{}},"BZCyK84Qx2pXnyr5F+RTnWRqR67o8XRUDD5hteyHDIEe":{"chainKey":{"counter":0},"chainType":2,"messageKeys":{}},"BWK7MiyxF7oRUtJvghwB9R7eE4JaqS1zNZMQMFoqc/8q":{"chainKey":{"counter":0},"chainType":2,"messageKeys":{}},"BUYJLg5oStsf609iJVzT8taR4spcWIWkCrSu06lIZtVR":{"chainKey":{"counter":0},"chainType":2,"messageKeys":{}},"BaHMfjTVrmCKH4CJsoM60uC7B5QRpDxbMCWFUFJA8Gdj":{"chainKey":{"counter":1},"chainType":2,"messageKeys":{}},"BTwiQ6nbQdTNUbyv9U2d2qb6DcqWnjcdQ1lEcyjJ70pw":{"chainKey":{"counter":0},"chainType":2,"messageKeys":{}},"BfkKUeLzzFZu1ETx9kKPaQIB/x6sXC4vp65y3shJfQVS":{"chainKey":{"counter":0},"chainType":2,"messageKeys":{}},"BRszjnVauA+mOxPNWmCI7IvlCk1REqzv+9Z3kap0zRkO":{"chainKey":{"counter":0},"chainType":2,"messageKeys":{}},"BUod8xavV3VjY3sxOSR3MIPXuh2lIbobnCY0bcoaDx0W":{"chainKey":{"counter":0},"chainType":2,"messageKeys":{}},"BYLiMchWUJviY7i7XPTS9hW8+5GwvIsPH2Bc59TC7zh2":{"chainKey":{"counter":0},"chainType":2,"messageKeys":{}},"Bd+daQYtsCNNMzZsrf4RlDh8pnEbd4pTHhCu3bj80gU4":{"chainKey":{"counter":0},"chainType":2,"messageKeys":{}},"BQO7hK1wBsKgEB8cVp2x5//iAhnP9c/7Hq78+b9nZrFL":{"chainKey":{"counter":0},"chainType":2,"messageKeys":{}},"BSKUc5SJKue0jlUYUl/IV9eZbJgWGIbLQqz8zbl3PrZq":{"chainKey":{"counter":0},"chainType":2,"messageKeys":{}},"BefFNBhBaPlO5GOC+ZojCmxlyWU3sI1lHYCNZuJwhjF5":{"chainKey":{"counter":0},"chainType":2,"messageKeys":{}},"BV48SWPsCbrLKeqdkmuOQPYws0jMN/f0vCXy+wFvuSda":{"chainKey":{"counter":0},"chainType":2,"messageKeys":{}},"Be1Np3Ux235pfU6D9f+BIXOtLaejhXO/NZGVRSzWgn8L":{"chainKey":{"counter":0},"chainType":2,"messageKeys":{}},"Bab5WaEYI/eKDeHknP54Lmtk7pEB5CaCoAClQDe/ff5a":{"chainKey":{"counter":0},"chainType":2,"messageKeys":{}},"BfBBmlRMGHCUMTJEgtVa+JiBeo94NoDgIX8QNVjtH3g8":{"chainKey":{"counter":0,"key":"eJtuiRqjFkgp+Mu1FupHrNMQaSl3xBji7QkHkj3RmuE="},"chainType":2,"messageKeys":{}},"BbrJ67tHFluhv8bZmSaUUZrx9xipfoheFFr6vBF8T1xk":{"chainKey":{"counter":2,"key":"hNfzNG+D5SkAvEcL+0kH8JI5wKNA6xkuVquUb8PUuok="},"chainType":1,"messageKeys":{}}}}},"version":"v1"}